{
  "app/layout.tsx": 1775840983.086577,
  "app/page.tsx": 1776105286.141833,
  "app/scan/[id]/page.tsx": 1775840983.0870998,
  "app/api/waitlist/route.ts": 1775840983.0839138,
  "app/api/residents/unlinked/route.ts": 1776749513.631839,
  "app/api/auth/client-ip/route.ts": 1775840983.081551,
  "app/api/admin/societies/route.ts": 1776860718.214436,
  "app/api/admin/societies/[id]/route.ts": 1776860740.053165,
  "app/api/admin/societies/[id]/buildings/route.ts": 1776860757.7541509,
  "app/api/admin/societies/[id]/buildings/[buildingId]/route.ts": 1776860781.8883016,
  "app/api/admin/societies/[id]/buildings/[buildingId]/flats/route.ts": 1776860804.9395156,
  "app/api/admin/societies/[id]/buildings/[buildingId]/flats/[flatId]/route.ts": 1776860824.4462218,
  "app/api/admin/societies/import/route.ts": 1776933807.980766,
  "app/api/admin/residents/route.ts": 1776910391.5278494,
  "app/api/admin/residents/[id]/route.ts": 1776863780.7728422,
  "app/api/admin/create-user/route.ts": 1776749695.8593426,
  "app/api/admin/users/[id]/role/route.ts": 1775840983.0808015,
  "app/api/admin/users/[id]/suspend/route.ts": 1775840983.0809307,
  "app/api/admin/users/[id]/activate/route.ts": 1775840983.080652,
  "app/api/admin/guards/[id]/route.ts": 1776911913.208174,
  "app/api/admin/guard-onboarding/route.ts": 1776705562.4869103,
  "app/api/admin/employees/[id]/route.ts": 1776575854.37582,
  "app/api/admin/employees/[id]/reset-security/route.ts": 1776561050.689476,
  "app/api/society/visitors/[visitorId]/route.ts": 1776749531.1911075,
  "app/api/society/residents/route.ts": 1776778008.715315,
  "app/api/super-admin/admins/route.ts": 1775840983.083069,
  "app/api/super-admin/admins/[id]/route.ts": 1775840983.0829723,
  "app/api/supplier/service-indent-response/route.ts": 1775840983.083284,
  "app/api/mobile/demo-otp/verify/route.ts": 1776519204.457345,
  "app/api/mobile/demo-otp/send/route.ts": 1776519190.70485,
  "app/api/users/create/route.ts": 1775840983.0836372,
  "app/api/finance/payments/webhook/route.ts": 1775840983.0818677,
  "app/api/assets/qr-batch/[batchId]/download/route.ts": 1775840983.0813723,
  "app/api/assets/generate-qr-batch/route.ts": 1775840983.0811095,
  "app/(dashboard)/layout.tsx": 1775840983.0708902,
  "app/(dashboard)/error.tsx": 1775840983.060697,
  "app/(dashboard)/loading.tsx": 1775840983.071003,
  "app/(dashboard)/not-found.tsx": 1775840983.0711093,
  "app/(dashboard)/settings/page.tsx": 1775840983.0764914,
  "app/(dashboard)/settings/audit-logs/page.tsx": 1775840983.0759692,
  "app/(dashboard)/settings/branding/page.tsx": 1775840983.0761263,
  "app/(dashboard)/settings/admins/page.tsx": 1775840983.0758116,
  "app/(dashboard)/settings/permissions/page.tsx": 1775840983.0766504,
  "app/(dashboard)/settings/notifications/page.tsx": 1775840983.0764117,
  "app/(dashboard)/settings/company/page.tsx": 1775840983.076261,
  "app/(dashboard)/tickets/page.tsx": 1775840983.0797048,
  "app/(dashboard)/tickets/behavior/page.tsx": 1777021741.4756365,
  "app/(dashboard)/tickets/quality/page.tsx": 1775840983.0798807,
  "app/(dashboard)/tickets/returns/page.tsx": 1777021686.8406978,
  "app/(dashboard)/resident/page.tsx": 1775840983.0723095,
  "app/(dashboard)/test-resident/page.tsx": 1775840983.0793962,
  "app/(dashboard)/admin/waitlist/page.tsx": 1775840983.0564017,
  "app/(dashboard)/admin/audit-logs/page.tsx": 1775840983.0555964,
  "app/(dashboard)/admin/societies/page.tsx": 1776933881.5186954,
  "app/(dashboard)/admin/societies/[id]/page.tsx": 1776933927.4049716,
  "app/(dashboard)/admin/societies/[id]/buildings/[buildingId]/page.tsx": 1776861000.7728212,
  "app/(dashboard)/admin/residents/page.tsx": 1776910485.8909793,
  "app/(dashboard)/admin/config/page.tsx": 1775840983.0557609,
  "app/(dashboard)/admin/service-indents/page.tsx": 1775840983.0562172,
  "app/(dashboard)/admin/material-indents/page.tsx": 1775840983.0560014,
  "app/(dashboard)/admin/guards/page.tsx": 1776912742.6475842,
  "app/(dashboard)/society/page.tsx": 1775840983.0772552,
  "app/(dashboard)/society/visitors/page.tsx": 1776708305.630998,
  "app/(dashboard)/society/residents/page.tsx": 1776749952.7312038,
  "app/(dashboard)/society/panic-alerts/page.tsx": 1776708305.6276205,
  "app/(dashboard)/society/checklists/page.tsx": 1776708305.633282,
  "app/(dashboard)/society/emergency/page.tsx": 1775840983.0770335,
  "app/(dashboard)/society/my-flat/page.tsx": 1775840983.077177,
  "app/(dashboard)/hrms/layout.tsx": 1775840983.0647569,
  "app/(dashboard)/hrms/page.tsx": 1775840983.0652509,
  "app/(dashboard)/hrms/attendance/page.tsx": 1775840983.0635788,
  "app/(dashboard)/hrms/specialized-profiles/page.tsx": 1775840983.066508,
  "app/(dashboard)/hrms/holidays/page.tsx": 1775840983.064477,
  "app/(dashboard)/hrms/recruitment/page.tsx": 1775840983.0660615,
  "app/(dashboard)/hrms/documents/page.tsx": 1775840983.0638437,
  "app/(dashboard)/hrms/profiles/page.tsx": 1775840983.0658498,
  "app/(dashboard)/hrms/payroll/page.tsx": 1775840983.06558,
  "app/(dashboard)/hrms/events/page.tsx": 1775840983.064225,
  "app/(dashboard)/hrms/shifts/page.tsx": 1775840983.0662935,
  "app/(dashboard)/hrms/leave/page.tsx": 1775840983.0651445,
  "app/(dashboard)/hrms/leave/config/page.tsx": 1775840983.0650227,
  "app/(dashboard)/hrms/incidents/page.tsx": 1775840983.0646534,
  "app/(dashboard)/dashboard/layout.tsx": 1775840983.0603013,
  "app/(dashboard)/dashboard/page.tsx": 1775840983.060423,
  "app/(dashboard)/service-requests/layout.tsx": 1775840983.0730357,
  "app/(dashboard)/service-requests/page.tsx": 1775840983.0732987,
  "app/(dashboard)/service-requests/board/page.tsx": 1775840983.072944,
  "app/(dashboard)/service-requests/new/page.tsx": 1775840983.0731936,
  "app/(dashboard)/service-requests/[id]/page.tsx": 1775840983.072751,
  "app/(dashboard)/supplier/layout.tsx": 1775840983.0784562,
  "app/(dashboard)/supplier/page.tsx": 1775840983.0785506,
  "app/(dashboard)/supplier/purchase-orders/page.tsx": 1775840983.0788522,
  "app/(dashboard)/supplier/bills/page.tsx": 1775840983.0781875,
  "app/(dashboard)/supplier/bills/new/page.tsx": 1775840983.0780659,
  "app/(dashboard)/supplier/profile/page.tsx": 1775840983.0787117,
  "app/(dashboard)/supplier/indents/page.tsx": 1775840983.0783703,
  "app/(dashboard)/supplier/service-orders/page.tsx": 1775840983.0790064,
  "app/(dashboard)/test-guard/page.tsx": 1775840983.0792599,
  "app/(dashboard)/inventory/layout.tsx": 1775840983.067683,
  "app/(dashboard)/inventory/page.tsx": 1775840983.0678072,
  "app/(dashboard)/inventory/subcategories/page.tsx": 1777020340.7694612,
  "app/(dashboard)/inventory/service-purchase-orders/page.tsx": 1775840983.0697432,
  "app/(dashboard)/inventory/warehouses/page.tsx": 1775840983.0707793,
  "app/(dashboard)/inventory/products/page.tsx": 1777020372.9937093,
  "app/(dashboard)/inventory/purchase-orders/page.tsx": 1775840983.0690193,
  "app/(dashboard)/inventory/suppliers/page.tsx": 1775840983.070567,
  "app/(dashboard)/inventory/supplier-products/page.tsx": 1775840983.0701563,
  "app/(dashboard)/inventory/requests/page.tsx": 1775840983.0692332,
  "app/(dashboard)/inventory/sales-rates/page.tsx": 1775840983.0694873,
  "app/(dashboard)/inventory/supplier-rates/page.tsx": 1775840983.070369,
  "app/(dashboard)/inventory/grn/page.tsx": 1775840983.0670228,
  "app/(dashboard)/inventory/indents/verification/page.tsx": 1775840983.0675695,
  "app/(dashboard)/inventory/indents/create/page.tsx": 1775840983.0673258,
  "app/(dashboard)/inventory/categories/page.tsx": 1777020340.7685814,
  "app/(dashboard)/test-delivery/page.tsx": 1775840983.0791368,
  "app/(dashboard)/delivery/page.tsx": 1775840983.0605977,
  "app/(dashboard)/finance/layout.tsx": 1775840983.0618398,
  "app/(dashboard)/finance/page.tsx": 1775840983.0621462,
  "app/(dashboard)/finance/closure/page.tsx": 1775840983.0615668,
  "app/(dashboard)/finance/reconciliation/page.tsx": 1775840983.062738,
  "app/(dashboard)/finance/payments/page.tsx": 1775840983.0623333,